Workbook
Name ApiKey: Config!$B$2
Name BaseUrl: Config!$B$3
Name GroupId: Config!$B$4
Name SearchText: Config!$B$5
Name Status: Config!$B$6

Sheet Accueil
A1: Classeur coach - API FOREM
A2: Objectif | B2: Suivre les groupes visibles par un coach, leurs beneficiaires et les candidatures.
A3: Base URL | B3: http://forem.brisbois.dev
A4: Authentification | B4: Bearer token a saisir dans Config!B2
A5: Comment rafraichir | B5: Dans Excel: Donnees > Requete vide > coller un script .pq > Charger > Actualiser tout
A6: Fichiers a utiliser | B6: examples/excel/power-query/coach_applications_by_group.pq, coach_groups.pq, coach_users_by_group.pq
A7: Endpoints utiles | B7: /api/external/groups?format=csv ; /api/external/users?groupId={GroupId}&format=csv ; /api/external/applications?groupId={GroupId}&format=csv
A8: Scope coach | B8: Un coach ne voit que ses groupes attribues et les beneficiaires visibles dans ces groupes.

Sheet Config
A1: Parametre | B1: Valeur | C1: Notes
A2: ApiKey | C2: Laisser vide dans Git. A remplir dans Excel.
A3: BaseUrl | B3: http://forem.brisbois.dev | C3: URL du site cible
A4: GroupId | B4: 5 | C4: Groupe par defaut a remplacer
A5: SearchText | C5: Recherche libre optionnelle
A6: Status | C6: Optionnel: in_progress, follow_up, interview, accepted, rejected
A7: Conseil | B7: Dupliquer le fichier par coach si besoin | C7: Permet un suivi par portefeuille

Sheet Guide_Query
A1: Bloc | B1: Contenu
A2: Ligne 1 | B2: Script principal - candidatures par groupe
A3: Ligne 2 | B3: let
A4: Ligne 3 | B4: ApiKey = Excel.CurrentWorkbook(){[Name="ApiKey"]}[Content]{0}[Column1],
A5: Ligne 4 | B5: BaseUrl = Excel.CurrentWorkbook(){[Name="BaseUrl"]}[Content]{0}[Column1],
A6: Ligne 5 | B6: GroupId = Excel.CurrentWorkbook(){[Name="GroupId"]}[Content]{0}[Column1],
A7: Ligne 6 | B7: Url = BaseUrl & "/api/external/applications?groupId=" & Text.From(GroupId) & "&format=csv",
A8: Ligne 7 | B8: Source = Web.Contents(
A9: Ligne 8 | B9: Url,
A10: Ligne 9 | B10: [Headers = [Authorization = "Bearer " & Text.From(ApiKey)]]
A11: Ligne 10 | B11: ),
A12: Ligne 11 | B12: CsvData = Csv.Document(Source, [Delimiter = ",", Encoding = 65001, QuoteStyle = QuoteStyle.Csv]),
... A19: Mode d emploi | B19: 4. Rafraichir avec Actualiser tout

Sheet Guide_Macros
A1: Action | B1: Detail
A2: But | B2: Ajouter une couche macro simple pour rafraichir les requetes et naviguer entre les feuilles clefs.
A3: Fichier VBA | B3: examples/excel/vba/CoachApiTools.bas
A4: Import VBA | B4: Excel Desktop > Alt+F11 > clic droit sur le projet > Importer un fichier
A5: Sauvegarde | B5: Enregistrer ensuite le classeur en .xlsm pour conserver les macros
A6: Macro 1 | B6: RefreshCoachWorkbook : lance ThisWorkbook.RefreshAll
A7: Macro 2 | B7: GoToDashboard : ouvre la feuille Dashboard
A8: Macro 3 | B8: GoToApplications : ouvre la feuille Applications
A9: Macro 4 | B9: GoToBeneficiaires : ouvre la feuille Beneficiaires
A10: Boutons | B10: Inserer > Formes > clic droit > Affecter une macro
A11: Bouton recommande 1 | B11: Actualiser tout
A12: Bouton recommande 2 | B12: Ouvrir dashboard
... A15: Astuce | B15: Lier aussi la requete groups pour donner au coach une vue portefeuille immediate.

Sheet Groups
A1: ID groupe | B1: Nom groupe | C1: Cree le | D1: Cree par | E1: Manager | F1: Nombre de coachs | G1: Coachs attribues | H1: Membres | I1: Candidatures | J1: Entretiens

Sheet Beneficiaires
A1: ID | B1: Prenom | C1: Nom | D1: Email | E1: Role | F1: Groupes | G1: Candidatures | H1: Entretiens | I1: Relances dues | J1: Acceptees | K1: Refusees | L1: En cours | M1: Derniere activite

Sheet Applications
A1: User ID | B1: Prenom | C1: Nom | D1: Email | E1: Role | F1: Groupes | G1: Entreprise | H1: Intitule | I1: Type | J1: Lieu | K1: Date envoyee | L1: Date relance | M1: Derniere relance | N1: Date entretien | O1: Details entretien | P1: Statut | Q1: Notes | R1: Preuves | S1: Note privee coach | T1: Contributeurs note privee | U1: Notes coach partagees | V1: Contributeurs notes partagees | W1: Lien | X1: PDF | Y1: Mis a jour le

Sheet Entretiens
A1: User ID | B1: Prenom | C1: Nom | D1: Email | E1: Role | F1: Groupes | G1: Entreprise | H1: Intitule | I1: Type | J1: Lieu | K1: Date envoyee | L1: Date relance | M1: Derniere relance | N1: Date entretien | O1: Details entretien | P1: Statut | Q1: Notes | R1: Preuves | S1: Note privee coach | T1: Contributeurs note privee | U1: Notes coach partagees | V1: Contributeurs notes partagees | W1: Lien | X1: PDF | Y1: Mis a jour le

Sheet Relances_Dues
A1: User ID | B1: Prenom | C1: Nom | D1: Email | E1: Role | F1: Groupes | G1: Entreprise | H1: Intitule | I1: Type | J1: Lieu | K1: Date envoyee | L1: Date relance | M1: Derniere relance | N1: Date entretien | O1: Details entretien | P1: Statut | Q1: Notes | R1: Preuves | S1: Note privee coach | T1: Contributeurs note privee | U1: Notes coach partagees | V1: Contributeurs notes partagees | W1: Lien | X1: PDF | Y1: Mis a jour le

Sheet Dashboard
A1: Vue coach | B1: Valeur | C1: Commentaire | D1: Mini visuel
A2: Groupes visibles | B2: =MAX(COUNTA(Groups!A:A)-1,0) | C2: Nombre de groupes charges depuis l API
A3: Beneficiaires visibles | B3: =MAX(COUNTA(Beneficiaires!A:A)-1,0) | C3: Portefeuille actuellement charge
A4: Candidatures totales | B4: =MAX(COUNTA(Applications!A:A)-1,0) | C4: Volume total du suivi charge
A5: Entretiens | B5: =COUNTIF(Applications!P:P,"interview") | C5: Candidatures en phase entretien
A6: Acceptees | B6: =COUNTIF(Applications!P:P,"accepted") | C6: Placements ou issues positives
A7: Refusees | B7: =COUNTIF(Applications!P:P,"rejected") | C7: Candidatures closes negativement
A8: En suivi actif | B8: =COUNTIF(Applications!P:P,"in_progress")+COUNTIF(Applications!P:P,"follow_up") | C8: Pipeline actif
A9: Relances dues | B9: =COUNTIF(Applications!L:L,"<>")-COUNTIF(Applications!L:L,"Date relance") | C9: Approximation basee sur les dates de relance chargees
A11: Synthese statuts | B11: Nb | C11: % du total | D11: Barre
A12: in_progress | B12: =COUNTIF(Applications!P:P,"in_progress") | C12: =IF($B$4=0,0,B12/$B$4) | D12: =REPT("|",ROUND(IF($B$4=0,0,B12/$B$4)*20,0))
A13: follow_up | B13: =COUNTIF(Applications!P:P,"follow_up") | C13: =IF($B$4=0,0,B13/$B$4) | D13: =REPT("|",ROUND(IF($B$4=0,0,B13/$B$4)*20,0))
A14: interview | B14: =COUNTIF(Applications!P:P,"interview") | C14: =IF($B$4=0,0,B14/$B$4) | D14: =REPT("|",ROUND(IF($B$4=0,0,B14/$B$4)*20,0))
A15: accepted | B15: =COUNTIF(Applications!P:P,"accepted") | C15: =IF($B$4=0,0,B15/$B$4) | D15: =REPT("|",ROUND(IF($B$4=0,0,B15/$B$4)*20,0))
A16: rejected | B16: =COUNTIF(Applications!P:P,"rejected") | C16: =IF($B$4=0,0,B16/$B$4) | D16: =REPT("|",ROUND(IF($B$4=0,0,B16/$B$4)*20,0))
A18: Top groupes | B18: Candidatures | C18: Beneficiaires | D18: Lecture
A19: Groupe charge 1 | B19: =IFERROR(INDEX(Groups!B:B,2),"") | C19: =IFERROR(INDEX(Groups!H:H,2),"") | D19: =IFERROR(INDEX(Groups!I:I,2),"")
A20: Groupe charge 2 | B20: =IFERROR(INDEX(Groups!B:B,3),"") | C20: =IFERROR(INDEX(Groups!H:H,3),"") | D20: =IFERROR(INDEX(Groups!I:I,3),"")
A21: Groupe charge 3 | B21: =IFERROR(INDEX(Groups!B:B,4),"") | C21: =IFERROR(INDEX(Groups!H:H,4),"") | D21: =IFERROR(INDEX(Groups!I:I,4),"")
A23: Controle portefeuille | B23: Valeur | C23: Commentaire
A24: Beneficiaires avec entretiens | B24: =COUNTIF(Beneficiaires!H:H,">0") | C24: Combien de beneficiaires ont au moins un entretien
A25: Beneficiaires avec relances dues | B25: =COUNTIF(Beneficiaires!I:I,">0") | C25: Priorite de suivi coach
A26: Beneficiaires avec 5+ candidatures | B26: =COUNTIF(Beneficiaires!G:G,">=5") | C26: Profils tres actifs
A27: Derniere activite renseignee | B27: =MAX(Beneficiaires!M:M) | C27: Peut etre interpretee comme date texte selon Excel
A29: Distribution operationnelle | B29: Valeur | C29: Formule source | D29: Usage
A30: Entretiens planifies | B30: =COUNTIF(Applications!N:N,"<>")-COUNTIF(Applications!N:N,"Date entretien") | C30: Date entretien non vide | D30: Piloter les accompagnements chauds
A31: Lignes avec note privee coach | B31: =COUNTIF(Applications!S:S,"<>")-COUNTIF(Applications!S:S,"Note privee coach") | C31: Presence de note privee | D31: Verifier la couverture du suivi
A32: Lignes avec notes partagees | B32: =COUNTIF(Applications!U:U,"<>")-COUNTIF(Applications!U:U,"Notes coach partagees") | C32: Presence de notes partagees | D32: Suivi collaboratif
A33: Lignes avec preuve | B33: =COUNTIF(Applications!R:R,"<>")-COUNTIF(Applications!R:R,"Preuves") | C33: Presence de preuve | D33: Controle qualite dossier
A35: Lecture | B35: Le dashboard devient utile apres chargement des requetes Power Query.
A36: Lecture | B36: Pour de vrais graphiques Excel, inserer un graphique en pointant sur les tableaux de synthese ci-dessus.

Sheet GraphData
A1: Serie | B1: Valeur
A2: in_progress | B2: =COUNTIF(Applications!P:P,"in_progress")
A3: follow_up | B3: =COUNTIF(Applications!P:P,"follow_up")
A4: interview | B4: =COUNTIF(Applications!P:P,"interview")
A5: accepted | B5: =COUNTIF(Applications!P:P,"accepted")
A6: rejected | B6: =COUNTIF(Applications!P:P,"rejected")
A8: Portefeuille | B8: Valeur
A9: Beneficiaires | B9: =MAX(COUNTA(Beneficiaires!A:A)-1,0)
A10: Candidatures | B10: =MAX(COUNTA(Applications!A:A)-1,0)
A11: Entretiens | B11: =COUNTIF(Applications!P:P,"interview")
A12: Relances dues | B12: =COUNTIF(Beneficiaires!I:I,">0")
